data_venda,produto,quantidade,valor_unitario,regiao,Total
2022-01-29,Carne,7,87.91,Sul,615.37
2022-01-14,Feijão,47,62.33,Norte,2929.5099999999998
2022-01-20,Açúcar,39,77.2,Nordeste,3010.8
2022-01-10,Açúcar,47,74.38,Nordeste,3495.8599999999997
2022-01-3,Óleo,39,34.65,Nordeste,1351.35
2022-01-17,Sal,30,49.88,Nordeste,1496.4
2022-01-5,Sal,45,68.44,Sudeste,3079.7999999999997
2022-01-6,Leite,46,26.37,Sudeste,1213.02
2022-01-23,Macarrão,19,27.92,Sul,530.48
2022-01-8,Macarrão,30,68.62,Centro-Oeste,2058.6000000000004
2022-01-4,Sal,41,21.07,Sudeste,863.87
2022-01-26,Macarrão,31,61.54,Nordeste,1907.74
2022-01-22,Frango,50,72.12,Nordeste,3606.0
2022-01-29,Arroz,22,84.66,Norte,1862.52
2022-01-15,Óleo,42,15.1,Sudeste,634.1999999999999
2022-01-17,Óleo,41,49.68,Sudeste,2036.8799999999999
2022-01-30,Carne,16,12.6,Sul,201.6
2022-01-2,Óleo,15,59.76,Sul,896.4
2022-01-15,Batata,41,15.24,Centro-Oeste,624.84
2022-01-31,Arroz,4,49.58,Sul,198.32
2022-01-9,Óleo,38,19.25,Centro-Oeste,731.5
2022-01-11,Arroz,33,85.66,Sul,2826.7799999999997
2022-01-30,Macarrão,29,56.8,Norte,1647.1999999999998
2022-01-7,Açúcar,46,14.86,Sudeste,683.56
2022-01-10,Óleo,5,13.69,Nordeste,68.45
2022-01-22,Óleo,5,80.3,Norte,401.5
2022-01-8,Sal,28,35.71,Nordeste,999.88
2022-01-4,Arroz,11,80.28,Nordeste,883.08
2022-01-12,Arroz,16,86.12,Nordeste,1377.92
2022-01-1,Frango,33,74.52,Centro-Oeste,2459.16
2022-01-15,Carne,11,52.03,Sul,572.33
2022-01-17,Sal,41,56.47,Centro-Oeste,2315.27
2022-01-23,Frango,11,51.79,Sudeste,569.6899999999999
2022-01-19,Óleo,49,31.86,Centro-Oeste,1561.1399999999999
2022-01-11,Arroz,20,10.75,Nordeste,215.0
2022-01-17,Feijão,43,16.06,Sudeste,690.5799999999999
2022-01-18,Óleo,3,43.42,Centro-Oeste,130.26
2022-01-6,Óleo,23,46.61,Norte,1072.03
2022-01-11,Batata,36,52.2,Nordeste,1879.2
2022-01-25,Óleo,34,36.33,Norte,1235.22
2022-01-23,Macarrão,38,16.43,Nordeste,624.34
2022-01-9,Óleo,48,30.48,Sudeste,1463.04
2022-01-17,Arroz,43,40.63,Centro-Oeste,1747.0900000000001
2022-01-15,Arroz,48,98.93,Norte,4748.64
2022-01-2,Açúcar,22,86.58,Nordeste,1904.76
2022-01-26,Sal,39,84.06,Sudeste,3278.34
2022-01-24,Macarrão,18,33.67,Sul,606.0600000000001
2022-01-28,Óleo,23,26.82,Norte,616.86
2022-01-7,Feijão,3,12.14,Sudeste,36.42
2022-01-27,Carne,10,39.6,Norte,396.0
2022-01-2,Macarrão,26,12.68,Norte,329.68
2022-01-14,Arroz,6,49.07,Nordeste,294.42
2022-01-22,Batata,16,89.2,Nordeste,1427.2
2022-01-4,Feijão,1,63.58,Nordeste,63.58
2022-01-31,Sal,8,33.12,Sul,264.96
2022-01-16,Sal,13,74.51,Sudeste,968.6300000000001
2022-01-4,Macarrão,21,26.59,Sudeste,558.39
2022-01-10,Açúcar,44,73.24,Sudeste,3222.56
2022-01-1,Óleo,38,19.01,Nordeste,722.3800000000001
2022-01-7,Sal,24,11.32,Sudeste,271.68
2022-01-21,Leite,4,34.23,Norte,136.92
2022-01-12,Óleo,5,49.77,Norte,248.85000000000002
2022-01-17,Leite,16,22.6,Nordeste,361.6
2022-01-6,Sal,2,22.29,Sudeste,44.58
2022-01-30,Carne,17,18.88,Centro-Oeste,320.96
2022-01-4,Sal,7,37.05,Sul,259.34999999999997
2022-01-25,Arroz,19,45.29,Nordeste,860.51
2022-01-16,Óleo,7,58.72,Centro-Oeste,411.03999999999996
2022-01-28,Carne,38,77.79,Sul,2956.0200000000004
2022-01-30,Macarrão,16,89.38,Sul,1430.08
2022-01-26,Frango,5,76.75,Sudeste,383.75
2022-01-30,Carne,49,11.37,Sul,557.13
2022-01-2,Leite,9,63.51,Nordeste,571.59
2022-01-26,Carne,30,37.74,Sudeste,1132.2
2022-01-31,Batata,22,93.48,Centro-Oeste,2056.56
2022-01-9,Batata,11,61.97,Nordeste,681.67
2022-01-24,Batata,30,63.85,Sudeste,1915.5
2022-01-16,Leite,35,55.06,Nordeste,1927.1000000000001
2022-01-20,Arroz,23,46.51,Sudeste,1069.73
2022-01-19,Frango,6,95.71,Centro-Oeste,574.26
2022-01-30,Carne,22,69.79,Centro-Oeste,1535.38
2022-01-29,Leite,43,71.27,Centro-Oeste,3064.6099999999997
2022-01-27,Açúcar,21,94.32,Centro-Oeste,1980.7199999999998
2022-01-23,Leite,43,10.27,Centro-Oeste,441.60999999999996
2022-01-1,Óleo,26,75.26,Centro-Oeste,1956.7600000000002
2022-01-27,Arroz,37,48.66,Norte,1800.4199999999998
2022-01-29,Óleo,17,81.45,Sul,1384.65
2022-01-23,Feijão,4,72.69,Centro-Oeste,290.76
2022-01-12,Carne,34,42.14,Sul,1432.76
2022-01-16,Arroz,14,14.97,Nordeste,209.58
2022-01-28,Carne,4,66.95,Nordeste,267.8
2022-01-25,Leite,43,51.92,Nordeste,2232.56
2022-01-1,Leite,42,89.41,Sudeste,3755.22
2022-01-6,Feijão,25,42.45,Norte,1061.25
2022-01-22,Frango,42,55.97,Centro-Oeste,2350.74
2022-01-17,Leite,50,90.54,Centro-Oeste,4527.0
2022-01-28,Óleo,39,23.77,Centro-Oeste,927.03
2022-01-12,Arroz,17,25.07,Centro-Oeste,426.19
2022-01-27,Leite,40,53.58,Centro-Oeste,2143.2
2022-01-3,Macarrão,43,82.96,Sudeste,3567.2799999999997
2022-01-8,Frango,3,41.28,Norte,123.84
2022-01-18,Óleo,43,61.7,Sudeste,2653.1
2022-01-20,Carne,48,76.32,Centro-Oeste,3663.3599999999997
2022-01-23,Leite,26,84.56,Sudeste,2198.56
2022-01-31,Macarrão,42,67.4,Nordeste,2830.8
2022-01-16,Óleo,22,74.91,Sul,1648.02
2022-01-12,Arroz,3,74.57,Sul,223.70999999999998
2022-01-4,Arroz,29,99.03,Nordeste,2871.87
2022-01-30,Açúcar,49,83.72,Sul,4102.28
2022-01-18,Feijão,24,36.0,Sul,864.0
2022-01-13,Feijão,46,60.6,Norte,2787.6
2022-01-8,Óleo,18,56.33,Sudeste,1013.9399999999999
2022-01-29,Arroz,43,93.59,Centro-Oeste,4024.3700000000003
2022-01-3,Batata,14,63.24,Norte,885.36
2022-01-14,Batata,28,28.84,Nordeste,807.52
2022-01-12,Açúcar,10,28.63,Sul,286.3
2022-01-31,Feijão,37,15.91,Nordeste,588.67
2022-01-7,Leite,27,41.43,Sul,1118.61
2022-01-27,Macarrão,49,80.31,Sudeste,3935.19
2022-01-18,Sal,19,97.0,Sul,1843.0
2022-01-29,Açúcar,44,78.21,Sudeste,3441.24
2022-01-17,Açúcar,2,23.35,Centro-Oeste,46.7
2022-01-20,Frango,14,18.37,Sudeste,257.18
2022-01-22,Açúcar,34,43.13,Sudeste,1466.42
2022-01-3,Arroz,33,14.88,Centro-Oeste,491.04
2022-01-14,Arroz,42,87.48,Sul,3674.1600000000003
2022-01-23,Batata,29,90.67,Centro-Oeste,2629.43
2022-01-28,Óleo,34,41.45,Norte,1409.3000000000002
2022-01-13,Óleo,23,79.5,Sul,1828.5
2022-01-19,Açúcar,15,81.5,Nordeste,1222.5
2022-01-8,Feijão,10,68.47,Sudeste,684.7
2022-01-10,Sal,32,22.6,Sul,723.2
2022-01-17,Batata,43,85.1,Nordeste,3659.2999999999997
2022-01-25,Macarrão,25,17.28,Centro-Oeste,432.0
2022-01-6,Macarrão,35,58.75,Nordeste,2056.25
2022-01-2,Batata,13,23.36,Centro-Oeste,303.68
2022-01-13,Batata,22,76.12,Centro-Oeste,1674.64
2022-01-21,Leite,44,99.63,Norte,4383.719999999999
2022-01-13,Frango,14,19.96,Sul,279.44
2022-01-19,Batata,3,74.82,Norte,224.45999999999998
2022-01-15,Feijão,43,64.02,Norte,2752.8599999999997
2022-01-11,Açúcar,29,44.21,Sudeste,1282.09
2022-01-13,Macarrão,8,51.26,Centro-Oeste,410.08
2022-01-23,Arroz,36,75.24,Centro-Oeste,2708.64
2022-01-23,Leite,44,88.88,Norte,3910.72
2022-01-22,Batata,37,53.44,Norte,1977.28
2022-01-17,Macarrão,48,60.85,Sul,2920.8
2022-01-22,Leite,25,90.02,Norte,2250.5
2022-01-22,Macarrão,15,19.55,Centro-Oeste,293.25
2022-01-7,Feijão,1,18.61,Nordeste,18.61
2022-01-5,Macarrão,14,81.45,Sudeste,1140.3
2022-01-4,Óleo,9,86.54,Sul,778.86
2022-01-25,Açúcar,13,22.4,Sul,291.2
2022-01-21,Óleo,4,95.86,Norte,383.44
2022-01-30,Carne,50,26.54,Sudeste,1327.0
2022-01-26,Açúcar,43,70.22,Centro-Oeste,3019.46
2022-01-31,Arroz,14,34.24,Centro-Oeste,479.36
2022-01-7,Batata,16,14.5,Centro-Oeste,232.0
2022-01-19,Óleo,2,99.44,Sudeste,198.88
2022-01-7,Batata,7,99.18,Norte,694.26
2022-01-21,Leite,18,84.9,Sudeste,1528.2
2022-01-25,Frango,36,41.64,Nordeste,1499.04
2022-01-25,Sal,5,76.57,Centro-Oeste,382.84999999999997
2022-01-3,Macarrão,26,94.17,Centro-Oeste,2448.42
2022-01-1,Óleo,43,85.48,Sudeste,3675.6400000000003
2022-01-9,Arroz,25,78.95,Norte,1973.75
2022-01-13,Óleo,18,34.34,Norte,618.1200000000001
2022-01-25,Açúcar,9,21.32,Sul,191.88
2022-01-16,Feijão,47,69.85,Sul,3282.95
2022-01-12,Feijão,39,72.58,Sudeste,2830.62
2022-01-18,Batata,23,35.07,Sul,806.61
2022-01-11,Sal,21,93.57,Sudeste,1964.9699999999998
2022-01-29,Açúcar,42,29.05,Sudeste,1220.1000000000001
2022-01-14,Batata,27,99.54,Centro-Oeste,2687.5800000000004
2022-01-4,Feijão,47,68.87,Centro-Oeste,3236.8900000000003
2022-01-31,Frango,3,19.93,Norte,59.79
2022-01-18,Óleo,44,64.25,Nordeste,2827.0
2022-01-18,Leite,21,19.45,Norte,408.45
2022-01-14,Leite,9,69.15,Sul,622.35
2022-01-24,Batata,1,27.78,Sul,27.78
2022-01-13,Carne,14,59.26,Norte,829.64
2022-01-5,Carne,7,85.47,Nordeste,598.29
2022-01-24,Óleo,18,68.81,Norte,1238.58
2022-01-18,Sal,28,82.39,Sudeste,2306.92
2022-01-16,Carne,50,75.66,Norte,3783.0
2022-01-31,Arroz,14,41.82,Sul,585.48
2022-01-8,Arroz,43,71.36,Centro-Oeste,3068.48
2022-01-12,Feijão,19,19.32,Nordeste,367.08
2022-01-8,Óleo,16,74.18,Sudeste,1186.88
2022-01-17,Sal,3,87.58,Sul,262.74
2022-01-8,Arroz,40,32.03,Centro-Oeste,1281.2
2022-01-31,Arroz,41,78.3,Nordeste,3210.2999999999997
2022-01-2,Açúcar,7,96.33,Nordeste,674.31
2022-01-6,Frango,12,82.4,Sudeste,988.8000000000001
2022-01-16,Batata,23,67.86,Sul,1560.78
2022-01-5,Arroz,42,39.72,Sudeste,1668.24
2022-01-18,Feijão,34,47.77,Centro-Oeste,1624.18
2022-01-18,Frango,29,28.92,Sudeste,838.6800000000001
2022-01-26,Macarrão,46,75.28,Centro-Oeste,3462.88
2022-01-15,Macarrão,19,93.83,Norte,1782.77
2022-01-7,Açúcar,7,45.86,Nordeste,321.02
2022-01-22,Batata,38,37.11,Centro-Oeste,1410.18
2022-01-31,Feijão,50,37.45,Sudeste,1872.5000000000002
2022-01-16,Arroz,42,22.54,Nordeste,946.68
2022-01-2,Arroz,40,49.12,Centro-Oeste,1964.8
2022-01-20,Batata,11,33.72,Centro-Oeste,370.91999999999996
2022-01-20,Açúcar,28,43.98,Sul,1231.4399999999998
2022-01-12,Açúcar,1,21.54,Sudeste,21.54
2022-01-12,Açúcar,3,51.24,Centro-Oeste,153.72
2022-01-25,Batata,24,70.24,Nordeste,1685.7599999999998
2022-01-11,Frango,15,84.52,Nordeste,1267.8
2022-01-12,Arroz,32,68.69,Sul,2198.08
2022-01-15,Sal,22,97.96,Nordeste,2155.12
2022-01-13,Frango,28,24.87,Sul,696.36
2022-01-19,Batata,5,29.34,Norte,146.7
2022-01-4,Açúcar,3,57.26,Centro-Oeste,171.78
2022-01-27,Sal,49,73.33,Norte,3593.17
2022-01-10,Frango,19,24.02,Sudeste,456.38
2022-01-29,Macarrão,43,84.95,Sudeste,3652.85
2022-01-9,Açúcar,47,80.55,Centro-Oeste,3785.85
2022-01-5,Arroz,48,41.0,Nordeste,1968.0
2022-01-14,Macarrão,16,35.23,Sudeste,563.68
2022-01-18,Macarrão,18,61.92,Sul,1114.56
2022-01-3,Açúcar,21,41.67,Centro-Oeste,875.07
2022-01-31,Carne,19,10.63,Nordeste,201.97000000000003
2022-01-7,Sal,12,98.09,Sul,1177.08
2022-01-10,Sal,13,67.81,Sudeste,881.53
2022-01-1,Óleo,24,41.55,Sul,997.1999999999999
2022-01-9,Açúcar,9,62.86,Centro-Oeste,565.74
2022-01-31,Açúcar,36,40.49,Centro-Oeste,1457.64
2022-01-28,Óleo,39,79.38,Centro-Oeste,3095.8199999999997
2022-01-14,Feijão,24,92.4,Centro-Oeste,2217.6000000000004
2022-01-10,Sal,3,46.46,Centro-Oeste,139.38
2022-01-12,Óleo,25,35.09,Centro-Oeste,877.2500000000001
2022-01-11,Feijão,47,33.2,Centro-Oeste,1560.4
2022-01-26,Feijão,19,43.42,Centro-Oeste,824.98
2022-01-7,Açúcar,22,86.56,Nordeste,1904.3200000000002
2022-01-28,Feijão,36,28.74,Norte,1034.6399999999999
2022-01-11,Leite,48,15.52,Norte,744.96
2022-01-19,Feijão,48,97.31,Norte,4670.88
2022-01-27,Açúcar,5,70.44,Sudeste,352.2
2022-01-22,Macarrão,31,85.32,Sul,2644.9199999999996
2022-01-18,Batata,49,65.07,Sul,3188.43
2022-01-10,Açúcar,1,31.55,Norte,31.55
2022-01-6,Sal,8,28.23,Nordeste,225.84
2022-01-2,Feijão,38,11.79,Centro-Oeste,448.02
2022-01-10,Arroz,35,92.57,Nordeste,3239.95
2022-01-12,Batata,31,12.91,Centro-Oeste,400.21
2022-01-11,Feijão,39,43.96,Sudeste,1714.44
2022-01-18,Açúcar,25,63.46,Norte,1586.5
2022-01-6,Leite,30,99.57,Sul,2987.1
2022-01-20,Frango,33,74.34,Nordeste,2453.2200000000003
2022-01-12,Carne,15,55.02,Sul,825.3000000000001
2022-01-7,Sal,15,58.67,Sul,880.0500000000001
2022-01-7,Açúcar,3,40.25,Sul,120.75
2022-01-28,Frango,25,56.31,Sudeste,1407.75
2022-01-22,Feijão,5,90.58,Sudeste,452.9
2022-01-28,Frango,44,23.51,Centro-Oeste,1034.44
2022-01-29,Óleo,17,64.86,Sudeste,1102.62
2022-01-26,Leite,4,42.51,Norte,170.04
2022-01-12,Batata,8,78.08,Nordeste,624.64
2022-01-2,Açúcar,42,37.37,Sul,1569.54
2022-01-24,Feijão,18,79.92,Sul,1438.56
2022-01-6,Batata,8,92.62,Centro-Oeste,740.96
2022-01-7,Batata,22,69.79,Norte,1535.38
2022-01-18,Frango,35,92.63,Nordeste,3242.0499999999997
2022-01-18,Sal,14,96.65,Centro-Oeste,1353.1000000000001
2022-01-17,Arroz,7,64.61,Sul,452.27
2022-01-7,Arroz,5,31.82,Sudeste,159.1
2022-01-3,Feijão,11,86.99,Sudeste,956.89
2022-01-24,Frango,27,16.24,Norte,438.47999999999996
2022-01-1,Carne,1,13.61,Sul,13.61
2022-01-7,Sal,24,22.7,Norte,544.8
2022-01-8,Óleo,16,56.18,Nordeste,898.88
2022-01-23,Óleo,43,14.73,Centro-Oeste,633.39
2022-01-15,Óleo,31,41.08,Sudeste,1273.48
2022-01-28,Carne,25,13.4,Sul,335.0
2022-01-8,Açúcar,34,94.8,Nordeste,3223.2
2022-01-29,Feijão,22,77.26,Sudeste,1699.72
2022-01-2,Carne,30,38.86,Centro-Oeste,1165.8
2022-01-24,Leite,43,57.89,Centro-Oeste,2489.27
2022-01-14,Leite,4,82.14,Norte,328.56
2022-01-16,Açúcar,50,57.12,Centro-Oeste,2856.0
2022-01-15,Leite,21,97.33,Sul,2043.93
2022-01-4,Carne,24,97.53,Sul,2340.7200000000003
2022-01-12,Óleo,28,37.28,Sul,1043.8400000000001
2022-01-2,Macarrão,17,31.4,Centro-Oeste,533.8
2022-01-2,Batata,32,77.57,Norte,2482.24
2022-01-30,Carne,18,60.3,Nordeste,1085.3999999999999
2022-01-15,Batata,4,11.32,Norte,45.28
2022-01-21,Batata,3,17.21,Norte,51.63
2022-01-23,Leite,20,17.09,Sudeste,341.8
2022-01-2,Frango,39,76.53,Norte,2984.67
2022-01-19,Batata,15,32.36,Sudeste,485.4
2022-01-6,Carne,31,79.49,Centro-Oeste,2464.19
2022-01-25,Frango,34,53.88,Sudeste,1831.92
2022-01-16,Feijão,50,50.9,Sudeste,2545.0
2022-01-28,Sal,30,40.59,Centro-Oeste,1217.7
2022-01-7,Carne,16,68.12,Sudeste,1089.92
2022-01-17,Carne,20,30.72,Norte,614.4
2022-01-8,Açúcar,28,13.49,Centro-Oeste,377.72
2022-01-2,Macarrão,2,46.03,Sul,92.06
2022-01-9,Feijão,9,45.31,Centro-Oeste,407.79
2022-01-19,Açúcar,48,17.34,Sudeste,832.3199999999999
2022-01-21,Açúcar,22,57.1,Centro-Oeste,1256.2
2022-01-22,Leite,7,33.12,Norte,231.83999999999997
2022-01-10,Açúcar,45,48.82,Sul,2196.9
2022-01-1,Sal,47,26.08,Nordeste,1225.76
2022-01-20,Leite,1,80.27,Nordeste,80.27
2022-01-28,Batata,44,98.84,Sul,4348.96
2022-01-25,Açúcar,19,82.0,Norte,1558.0
2022-01-27,Batata,40,98.1,Nordeste,3924.0
2022-01-18,Arroz,26,30.96,Norte,804.96
2022-01-11,Macarrão,37,74.96,Centro-Oeste,2773.52
2022-01-23,Óleo,34,79.18,Centro-Oeste,2692.1200000000003
2022-01-19,Óleo,46,61.05,Centro-Oeste,2808.2999999999997
2022-01-31,Batata,11,46.97,Norte,516.67
2022-01-16,Macarrão,30,69.78,Norte,2093.4
2022-01-1,Açúcar,37,34.1,Sudeste,1261.7
2022-01-24,Frango,12,50.36,Norte,604.3199999999999
2022-01-10,Óleo,18,72.87,Nordeste,1311.66
2022-01-23,Açúcar,25,27.37,Centro-Oeste,684.25
2022-01-23,Leite,18,12.45,Nordeste,224.1
2022-01-26,Frango,50,82.43,Sul,4121.5
2022-01-9,Leite,13,82.84,Sul,1076.92
2022-01-21,Leite,33,70.7,Sudeste,2333.1
2022-01-9,Carne,13,64.56,Centro-Oeste,839.28
2022-01-31,Açúcar,11,11.26,Centro-Oeste,123.86
2022-01-26,Açúcar,42,76.37,Sudeste,3207.54
2022-01-25,Carne,35,90.65,Nordeste,3172.75
2022-01-17,Feijão,36,80.69,Norte,2904.84
2022-01-29,Feijão,3,63.41,Centro-Oeste,190.23
2022-01-18,Leite,48,11.56,Nordeste,554.88
2022-01-21,Frango,47,24.87,Nordeste,1168.89
2022-01-16,Sal,19,50.64,Sul,962.16
2022-01-16,Batata,24,32.16,Norte,771.8399999999999
2022-01-9,Açúcar,19,55.0,Sul,1045.0
2022-01-29,Açúcar,38,76.76,Nordeste,2916.88
2022-01-3,Feijão,39,15.9,Sul,620.1
2022-01-4,Batata,26,46.15,Sudeste,1199.8999999999999
2022-01-5,Óleo,25,24.23,Sudeste,605.75
2022-01-18,Frango,23,64.28,Norte,1478.44
2022-01-8,Batata,40,20.54,Nordeste,821.5999999999999
2022-01-17,Óleo,50,31.81,Norte,1590.5
2022-01-16,Frango,44,71.36,Sul,3139.84
2022-01-5,Leite,14,83.39,Norte,1167.46
2022-01-23,Leite,50,26.55,Nordeste,1327.5
2022-01-29,Carne,6,69.83,Centro-Oeste,418.98
2022-01-9,Arroz,24,65.94,Sudeste,1582.56
2022-01-13,Óleo,43,40.85,Sul,1756.55
2022-01-5,Sal,32,20.46,Norte,654.72
2022-01-9,Batata,34,15.21,Centro-Oeste,517.14
2022-01-28,Carne,31,51.71,Sul,1603.01
2022-01-11,Macarrão,49,34.52,Norte,1691.4800000000002
2022-01-28,Batata,22,15.08,Norte,331.76
2022-01-11,Macarrão,28,30.94,Sudeste,866.32
2022-01-19,Açúcar,39,43.43,Norte,1693.77
2022-01-3,Frango,1,37.21,Norte,37.21
2022-01-4,Feijão,44,86.1,Sul,3788.3999999999996
2022-01-20,Sal,21,29.89,Centro-Oeste,627.69
2022-01-25,Leite,23,38.61,Nordeste,888.03
2022-01-22,Óleo,12,25.21,Sul,302.52
2022-01-16,Frango,39,37.02,Sul,1443.7800000000002
2022-01-15,Óleo,1,45.43,Nordeste,45.43
2022-01-23,Arroz,24,13.38,Nordeste,321.12
2022-01-19,Frango,40,79.58,Nordeste,3183.2
2022-01-30,Batata,1,91.41,Nordeste,91.41
2022-01-7,Batata,8,53.34,Sul,426.72
2022-01-1,Açúcar,50,45.28,Centro-Oeste,2264.0
2022-01-7,Feijão,10,88.21,Nordeste,882.0999999999999
2022-01-3,Óleo,18,30.83,Norte,554.9399999999999
2022-01-20,Arroz,39,27.9,Centro-Oeste,1088.1
2022-01-17,Feijão,32,59.64,Sudeste,1908.48
2022-01-20,Macarrão,39,30.63,Nordeste,1194.57
2022-01-28,Açúcar,27,50.96,Sul,1375.92
2022-01-7,Batata,38,52.56,Sudeste,1997.2800000000002
2022-01-31,Sal,11,27.3,Centro-Oeste,300.3
2022-01-3,Macarrão,35,38.9,Sudeste,1361.5
2022-01-2,Leite,35,99.16,Norte,3470.6
2022-01-29,Frango,29,93.13,Nordeste,2700.77
2022-01-27,Açúcar,1,42.27,Norte,42.27
2022-01-11,Batata,11,33.4,Centro-Oeste,367.4
2022-01-26,Leite,49,30.43,Sudeste,1491.07
2022-01-21,Feijão,23,16.75,Nordeste,385.25
2022-01-15,Carne,25,77.95,Sudeste,1948.75
2022-01-17,Óleo,12,59.25,Centro-Oeste,711.0
2022-01-24,Arroz,34,87.25,Nordeste,2966.5
2022-01-7,Leite,37,91.0,Nordeste,3367.0
2022-01-19,Carne,21,40.56,Sul,851.76
2022-01-10,Açúcar,11,28.84,Nordeste,317.24
2022-01-4,Arroz,45,59.23,Sudeste,2665.35
2022-01-2,Batata,19,74.74,Sudeste,1420.06
2022-01-27,Arroz,6,11.33,Sudeste,67.98
2022-01-13,Leite,38,11.17,Nordeste,424.46
2022-01-10,Sal,19,33.64,Sul,639.16
2022-01-4,Macarrão,19,37.45,Sul,711.5500000000001
2022-01-21,Sal,43,24.67,Centro-Oeste,1060.8100000000002
2022-01-21,Feijão,33,83.34,Nordeste,2750.2200000000003
2022-01-11,Açúcar,47,26.85,Centro-Oeste,1261.95
2022-01-23,Carne,18,63.22,Norte,1137.96
2022-01-31,Frango,7,54.53,Centro-Oeste,381.71000000000004
2022-01-30,Macarrão,39,28.39,Sudeste,1107.21
2022-01-6,Açúcar,15,94.91,Nordeste,1423.6499999999999
2022-01-20,Frango,12,84.17,Sudeste,1010.04
2022-01-17,Macarrão,9,27.96,Norte,251.64000000000001
2022-01-7,Macarrão,28,27.35,Centro-Oeste,765.8000000000001
2022-01-22,Feijão,3,68.03,Norte,204.09
2022-01-7,Frango,7,28.39,Nordeste,198.73000000000002
2022-01-14,Frango,14,56.59,Centro-Oeste,792.26
2022-01-6,Macarrão,37,99.61,Nordeste,3685.57
2022-01-8,Feijão,10,54.26,Sudeste,542.6
2022-01-4,Carne,12,14.32,Norte,171.84
2022-01-3,Batata,31,41.27,Norte,1279.3700000000001
2022-01-22,Carne,12,20.24,Nordeste,242.88
2022-01-27,Óleo,17,27.47,Centro-Oeste,466.99
2022-01-10,Açúcar,13,23.87,Centro-Oeste,310.31
2022-01-3,Frango,36,28.73,Norte,1034.28
2022-01-14,Frango,1,25.28,Norte,25.28
2022-01-28,Carne,45,78.77,Sul,3544.6499999999996
2022-01-27,Leite,35,42.62,Sul,1491.6999999999998
2022-01-2,Óleo,5,47.92,Sudeste,239.60000000000002
2022-01-4,Carne,40,67.17,Sudeste,2686.8
2022-01-21,Arroz,14,72.28,Norte,1011.9200000000001
2022-01-24,Leite,39,95.83,Centro-Oeste,3737.37
2022-01-19,Macarrão,44,85.55,Nordeste,3764.2
2022-01-12,Leite,13,11.04,Sul,143.51999999999998
2022-01-27,Feijão,6,79.64,Nordeste,477.84000000000003
2022-01-17,Feijão,17,33.98,Sul,577.66
2022-01-10,Leite,48,80.59,Sudeste,3868.32
2022-01-20,Óleo,33,11.16,Sudeste,368.28000000000003
2022-01-19,Batata,35,55.9,Nordeste,1956.5
2022-01-5,Óleo,38,65.06,Norte,2472.28
2022-01-22,Leite,7,38.56,Centro-Oeste,269.92
2022-01-13,Frango,1,33.13,Sudeste,33.13
2022-01-25,Batata,46,30.16,Sudeste,1387.36
2022-01-26,Óleo,34,99.38,Norte,3378.92
2022-01-15,Leite,10,19.59,Sul,195.9
2022-01-13,Frango,5,51.0,Sul,255.0
2022-01-5,Óleo,13,55.28,Sudeste,718.64
2022-01-30,Açúcar,38,70.56,Sudeste,2681.28
2022-01-31,Sal,48,88.84,Norte,4264.32
2022-01-8,Feijão,19,12.55,Nordeste,238.45000000000002
2022-01-14,Sal,43,50.17,Nordeste,2157.31
2022-01-31,Carne,48,23.03,Nordeste,1105.44
2022-01-25,Sal,1,43.14,Nordeste,43.14
2022-01-1,Frango,6,86.24,Centro-Oeste,517.4399999999999
2022-01-7,Macarrão,42,66.72,Norte,2802.24
2022-01-23,Arroz,33,89.93,Sudeste,2967.69
2022-01-27,Macarrão,24,93.93,Sudeste,2254.32
2022-01-4,Frango,48,53.93,Sul,2588.64
2022-01-30,Feijão,6,10.43,Centro-Oeste,62.58
2022-01-26,Frango,7,95.36,Centro-Oeste,667.52
2022-01-26,Feijão,47,82.17,Sudeste,3861.9900000000002
2022-01-4,Carne,6,39.33,Sul,235.98
2022-01-26,Leite,41,16.94,Nordeste,694.5400000000001
2022-01-21,Sal,18,83.4,Sul,1501.2
2022-01-15,Frango,32,30.41,Sudeste,973.12
2022-01-26,Feijão,23,74.8,Nordeste,1720.3999999999999
2022-01-7,Óleo,16,94.76,Sul,1516.16
2022-01-11,Batata,28,76.48,Norte,2141.44
2022-01-21,Feijão,6,46.91,Centro-Oeste,281.46
2022-01-13,Arroz,22,46.05,Norte,1013.0999999999999
2022-01-18,Carne,21,50.2,Sudeste,1054.2
2022-01-28,Carne,20,90.53,Nordeste,1810.6
2022-01-18,Frango,15,98.21,Sudeste,1473.1499999999999
2022-01-4,Arroz,35,96.71,Centro-Oeste,3384.85
2022-01-12,Feijão,33,76.49,Nordeste,2524.1699999999996
2022-01-12,Feijão,7,69.46,Sudeste,486.21999999999997
2022-01-3,Leite,14,95.96,Nordeste,1343.4399999999998
2022-01-13,Sal,14,99.23,Nordeste,1389.22
2022-01-5,Feijão,24,98.85,Norte,2372.3999999999996
2022-01-26,Carne,13,61.39,Centro-Oeste,798.07
2022-01-12,Arroz,46,61.68,Nordeste,2837.28
2022-01-3,Macarrão,10,43.61,Sudeste,436.1
2022-01-18,Leite,47,76.62,Sul,3601.1400000000003
2022-01-16,Sal,40,97.12,Centro-Oeste,3884.8
2022-01-16,Batata,32,97.68,Centro-Oeste,3125.76
2022-01-3,Batata,25,81.56,Nordeste,2039.0
2022-01-16,Frango,36,61.55,Sudeste,2215.7999999999997
2022-01-16,Óleo,29,37.3,Nordeste,1081.6999999999998
2022-01-28,Arroz,7,65.94,Sul,461.58
2022-01-17,Arroz,15,88.01,Centro-Oeste,1320.15
2022-01-22,Feijão,24,85.55,Norte,2053.2
2022-01-10,Carne,13,50.64,Sul,658.32
2022-01-1,Arroz,28,43.08,Nordeste,1206.24
2022-01-6,Feijão,43,94.29,Norte,4054.4700000000003
2022-01-11,Arroz,37,63.51,Sul,2349.87
2022-01-2,Frango,7,16.49,Nordeste,115.42999999999999
2022-01-30,Sal,39,35.26,Centro-Oeste,1375.1399999999999
2022-01-27,Feijão,6,39.53,Centro-Oeste,237.18
2022-01-27,Carne,39,83.26,Nordeste,3247.1400000000003
2022-01-15,Sal,45,36.44,Nordeste,1639.8
2022-01-19,Arroz,27,41.87,Centro-Oeste,1130.49
2022-01-22,Óleo,45,53.02,Centro-Oeste,2385.9
2022-01-11,Batata,26,45.19,Sudeste,1174.94
2022-01-7,Carne,50,42.63,Nordeste,2131.5
2022-01-16,Óleo,19,94.95,Sul,1804.05
2022-01-16,Óleo,48,77.62,Sul,3725.76
2022-01-9,Carne,46,80.54,Centro-Oeste,3704.84
2022-01-18,Feijão,25,64.95,Centro-Oeste,1623.75
2022-01-7,Leite,39,51.59,Nordeste,2012.0100000000002
2022-01-30,Feijão,29,44.39,Norte,1287.31
2022-01-30,Arroz,7,40.76,Centro-Oeste,285.32
2022-01-14,Batata,31,12.94,Centro-Oeste,401.14
2022-01-31,Frango,21,65.67,Sudeste,1379.07
2022-01-16,Óleo,12,65.56,Sudeste,786.72
2022-01-20,Carne,47,42.52,Nordeste,1998.44
2022-01-11,Arroz,31,68.32,Sul,2117.9199999999996
2022-01-29,Macarrão,40,38.7,Centro-Oeste,1548.0
2022-01-1,Óleo,46,58.75,Sudeste,2702.5
2022-01-4,Sal,47,10.16,Sul,477.52
2022-01-4,Frango,49,81.02,Sudeste,3969.98
2022-01-25,Carne,27,20.77,Sul,560.79
2022-01-29,Macarrão,15,24.07,Sudeste,361.05
2022-01-5,Sal,14,83.94,Sul,1175.1599999999999
2022-01-5,Açúcar,46,13.34,Norte,613.64
2022-01-16,Óleo,18,81.97,Sul,1475.46
2022-01-30,Batata,9,85.71,Centro-Oeste,771.39
2022-01-23,Açúcar,31,69.82,Norte,2164.4199999999996
2022-01-11,Macarrão,19,55.31,Sudeste,1050.89
2022-01-21,Leite,47,57.08,Sudeste,2682.7599999999998
2022-01-11,Óleo,38,68.03,Sul,2585.14
2022-01-10,Frango,1,72.82,Sul,72.82
2022-01-7,Leite,26,10.85,Sul,282.09999999999997
2022-01-10,Frango,1,45.76,Nordeste,45.76
2022-01-6,Frango,18,11.31,Centro-Oeste,203.58
2022-01-2,Macarrão,40,59.81,Sul,2392.4
2022-01-6,Carne,34,40.18,Sudeste,1366.12
2022-01-3,Frango,41,53.08,Nordeste,2176.2799999999997
2022-01-14,Feijão,23,52.56,Sudeste,1208.88
2022-01-1,Óleo,41,15.27,Sul,626.0699999999999
2022-01-28,Carne,39,82.62,Centro-Oeste,3222.1800000000003
2022-01-31,Macarrão,32,69.48,Sudeste,2223.36
2022-01-2,Frango,41,22.63,Norte,927.8299999999999
2022-01-11,Óleo,11,20.08,Norte,220.88
2022-01-11,Leite,32,70.9,Sudeste,2268.8
2022-01-10,Frango,6,48.72,Centro-Oeste,292.32
2022-01-13,Açúcar,47,29.64,Norte,1393.08
2022-01-23,Feijão,9,64.14,Nordeste,577.26
2022-01-26,Carne,47,79.02,Sul,3713.9399999999996
2022-01-31,Carne,40,38.79,Nordeste,1551.6
2022-01-29,Açúcar,10,61.49,Norte,614.9
2022-01-30,Batata,30,11.66,Norte,349.8
2022-01-13,Feijão,32,83.74,Sul,2679.68
2022-01-28,Óleo,20,32.91,Norte,658.1999999999999
2022-01-4,Carne,13,22.76,Sul,295.88
2022-01-24,Batata,45,89.41,Norte,4023.45
2022-01-21,Açúcar,25,46.65,Sul,1166.25
2022-01-30,Óleo,16,39.88,Nordeste,638.08
2022-01-30,Feijão,37,63.73,Sul,2358.0099999999998
2022-01-1,Açúcar,7,93.34,Sudeste,653.38
2022-01-25,Batata,38,33.21,Nordeste,1261.98
2022-01-30,Feijão,37,53.64,Nordeste,1984.68
2022-01-8,Batata,38,80.63,Centro-Oeste,3063.9399999999996
2022-01-4,Sal,7,16.47,Nordeste,115.28999999999999
2022-01-30,Macarrão,43,33.98,Centro-Oeste,1461.1399999999999
2022-01-7,Açúcar,40,54.86,Centro-Oeste,2194.4
2022-01-13,Óleo,10,39.94,Centro-Oeste,399.4
2022-01-14,Sal,26,34.09,Centro-Oeste,886.3400000000001
2022-01-2,Arroz,17,16.5,Sudeste,280.5
2022-01-15,Feijão,13,22.93,Centro-Oeste,298.09
2022-01-13,Leite,13,22.9,Sudeste,297.7
2022-01-24,Leite,27,73.33,Nordeste,1979.9099999999999
2022-01-19,Leite,13,55.74,Sul,724.62
2022-01-5,Batata,47,12.93,Norte,607.71
2022-01-24,Feijão,40,18.56,Centro-Oeste,742.4
2022-01-23,Macarrão,46,62.71,Sul,2884.66
2022-01-17,Leite,20,77.59,Sul,1551.8000000000002
2022-01-1,Arroz,2,35.78,Sudeste,71.56
2022-01-6,Macarrão,10,30.03,Norte,300.3
2022-01-25,Sal,5,88.3,Sudeste,441.5
2022-01-28,Carne,42,24.58,Centro-Oeste,1032.36
2022-01-3,Óleo,13,81.79,Norte,1063.27
2022-01-29,Arroz,39,45.87,Nordeste,1788.9299999999998
2022-01-25,Batata,31,23.95,Sudeste,742.4499999999999
2022-01-7,Macarrão,21,55.53,Norte,1166.13
2022-01-21,Carne,14,98.08,Centro-Oeste,1373.12
2022-01-28,Arroz,48,25.79,Sul,1237.92
2022-01-27,Arroz,27,18.46,Sudeste,498.42
2022-01-9,Arroz,46,48.67,Norte,2238.82
2022-01-24,Feijão,40,98.34,Nordeste,3933.6000000000004
2022-01-22,Leite,48,64.7,Sul,3105.6000000000004
2022-01-7,Macarrão,7,95.07,Centro-Oeste,665.49
2022-01-7,Óleo,30,34.81,Centro-Oeste,1044.3000000000002
2022-01-10,Açúcar,28,57.65,Centro-Oeste,1614.2
2022-01-16,Açúcar,24,49.67,Nordeste,1192.08
2022-01-2,Frango,45,51.91,Sudeste,2335.95
2022-01-17,Arroz,12,37.35,Sudeste,448.20000000000005
2022-01-20,Leite,30,50.07,Centro-Oeste,1502.1
2022-01-6,Sal,16,12.84,Centro-Oeste,205.44
2022-01-11,Sal,9,52.78,Sul,475.02
2022-01-24,Frango,44,37.07,Nordeste,1631.08
2022-01-21,Leite,9,82.2,Norte,739.8000000000001
2022-01-24,Leite,30,49.52,Sudeste,1485.6000000000001
2022-01-17,Carne,49,43.51,Sudeste,2131.99
2022-01-9,Feijão,27,88.93,Sudeste,2401.11
2022-01-31,Batata,7,70.31,Sudeste,492.17
2022-01-27,Carne,3,99.38,Nordeste,298.14
2022-01-6,Frango,1,96.37,Norte,96.37
2022-01-15,Macarrão,5,13.42,Sudeste,67.1
2022-01-3,Arroz,46,53.52,Centro-Oeste,2461.92
2022-01-9,Macarrão,9,62.31,Sudeste,560.79
2022-01-14,Feijão,35,96.73,Norte,3385.55
2022-01-18,Feijão,13,83.93,Sudeste,1091.0900000000001
2022-01-16,Leite,30,21.39,Centro-Oeste,641.7
2022-01-14,Feijão,32,32.33,Nordeste,1034.56
2022-01-24,Arroz,22,17.95,Centro-Oeste,394.9
2022-01-1,Macarrão,36,75.71,Sul,2725.56
2022-01-6,Feijão,36,69.27,Sudeste,2493.72
2022-01-30,Feijão,11,52.65,Centro-Oeste,579.15
2022-01-6,Macarrão,20,22.35,Norte,447.0
2022-01-8,Carne,43,29.47,Sul,1267.21
2022-01-12,Arroz,21,58.43,Centro-Oeste,1227.03
2022-01-25,Sal,31,32.7,Norte,1013.7
2022-01-29,Carne,20,17.98,Norte,359.6
2022-01-27,Açúcar,30,50.36,Sudeste,1510.8
2022-01-15,Feijão,22,56.46,Sul,1242.1200000000001
2022-01-4,Açúcar,16,22.85,Sudeste,365.6
2022-01-3,Feijão,10,35.72,Nordeste,357.2
2022-01-30,Frango,30,12.79,Centro-Oeste,383.7
2022-01-23,Leite,23,32.46,Sul,746.58
2022-01-12,Carne,34,63.31,Centro-Oeste,2152.54
2022-01-22,Sal,41,95.82,Sudeste,3928.62
2022-01-31,Óleo,21,32.69,Sudeste,686.49
2022-01-30,Óleo,36,32.62,Norte,1174.32
2022-01-31,Batata,33,73.36,Centro-Oeste,2420.88
2022-01-27,Macarrão,14,19.38,Centro-Oeste,271.32
2022-01-27,Açúcar,35,48.99,Sudeste,1714.65
2022-01-29,Açúcar,6,45.31,Nordeste,271.86
2022-01-10,Batata,24,63.58,Nordeste,1525.92
2022-01-11,Batata,47,90.91,Sul,4272.7699999999995
2022-01-19,Açúcar,47,33.61,Nordeste,1579.67
2022-01-12,Sal,9,41.67,Norte,375.03000000000003
2022-01-20,Frango,34,75.08,Sudeste,2552.72
2022-01-25,Macarrão,3,36.92,Sul,110.76
2022-01-27,Óleo,25,63.07,Nordeste,1576.75
2022-01-26,Óleo,12,83.96,Sul,1007.52
2022-01-30,Feijão,22,16.23,Sudeste,357.06
2022-01-28,Feijão,15,30.42,Sudeste,456.3
2022-01-7,Arroz,48,62.53,Nordeste,3001.44
2022-01-29,Leite,4,88.39,Sudeste,353.56
2022-01-28,Batata,43,51.04,Norte,2194.72
2022-01-8,Sal,9,83.65,Nordeste,752.85
2022-01-2,Óleo,50,26.89,Nordeste,1344.5
2022-01-3,Sal,5,40.43,Centro-Oeste,202.15
2022-01-7,Sal,16,85.05,Nordeste,1360.8
2022-01-25,Sal,20,21.76,Centro-Oeste,435.20000000000005
2022-01-10,Arroz,7,35.28,Sudeste,246.96
2022-01-7,Sal,33,53.26,Sul,1757.58
2022-01-22,Feijão,47,81.63,Norte,3836.6099999999997
2022-01-23,Frango,45,37.53,Nordeste,1688.8500000000001
2022-01-13,Feijão,32,68.45,Sudeste,2190.4
2022-01-29,Açúcar,2,94.37,Centro-Oeste,188.74
2022-01-29,Macarrão,40,84.75,Norte,3390.0
2022-01-20,Frango,9,81.43,Nordeste,732.8700000000001
2022-01-7,Sal,27,66.93,Norte,1807.1100000000001
2022-01-9,Arroz,47,86.88,Centro-Oeste,4083.3599999999997
2022-01-1,Feijão,4,22.6,Centro-Oeste,90.4
2022-01-24,Açúcar,43,47.13,Nordeste,2026.5900000000001
2022-01-16,Leite,11,75.19,Nordeste,827.0899999999999
2022-01-11,Batata,40,38.15,Sul,1526.0
2022-01-21,Óleo,44,98.99,Nordeste,4355.5599999999995
2022-01-3,Arroz,36,65.58,Sul,2360.88
2022-01-19,Leite,24,58.93,Centro-Oeste,1414.32
2022-01-14,Frango,46,40.54,Nordeste,1864.84
2022-01-27,Feijão,31,20.94,Norte,649.14
2022-01-2,Frango,7,90.03,Sudeste,630.21
2022-01-10,Batata,22,58.26,Sul,1281.72
2022-01-20,Açúcar,2,43.62,Sudeste,87.24
2022-01-28,Frango,12,15.22,Nordeste,182.64000000000001
2022-01-27,Arroz,42,77.89,Sudeste,3271.38
2022-01-6,Batata,7,59.94,Sudeste,419.58
2022-01-12,Arroz,27,73.39,Norte,1981.53
2022-01-12,Leite,11,26.81,Centro-Oeste,294.90999999999997
2022-01-3,Macarrão,11,56.11,Norte,617.21
2022-01-10,Leite,9,55.7,Norte,501.3
2022-01-19,Óleo,47,73.92,Sul,3474.2400000000002
2022-01-7,Frango,32,61.44,Centro-Oeste,1966.08
2022-01-15,Arroz,31,46.72,Norte,1448.32
2022-01-15,Feijão,12,72.42,Sudeste,869.04
2022-01-24,Frango,20,34.47,Norte,689.4
2022-01-20,Batata,33,89.27,Nordeste,2945.91
2022-01-27,Açúcar,33,68.59,Sudeste,2263.4700000000003
2022-01-17,Feijão,40,79.77,Nordeste,3190.7999999999997
2022-01-20,Açúcar,26,25.48,Centro-Oeste,662.48
2022-01-29,Frango,47,76.17,Sul,3579.9900000000002
2022-01-12,Batata,47,72.05,Sudeste,3386.35
2022-01-27,Feijão,27,60.09,Sul,1622.43
2022-01-21,Óleo,32,36.57,Centro-Oeste,1170.24
2022-01-26,Batata,17,13.47,Norte,228.99
2022-01-25,Leite,3,53.26,Sudeste,159.78
2022-01-13,Batata,38,51.7,Nordeste,1964.6000000000001
2022-01-1,Leite,28,61.31,Norte,1716.68
2022-01-30,Óleo,42,88.8,Nordeste,3729.6
2022-01-29,Açúcar,31,47.9,Centro-Oeste,1484.8999999999999
2022-01-25,Arroz,13,90.82,Centro-Oeste,1180.6599999999999
2022-01-11,Açúcar,22,33.74,Centro-Oeste,742.2800000000001
2022-01-6,Feijão,9,80.81,Sudeste,727.29
2022-01-23,Feijão,13,80.57,Centro-Oeste,1047.4099999999999
2022-01-25,Frango,13,59.39,Nordeste,772.07
2022-01-17,Arroz,25,24.49,Sudeste,612.25
2022-01-24,Leite,15,62.71,Sudeste,940.65
2022-01-3,Carne,1,90.1,Norte,90.1
2022-01-14,Batata,49,23.9,Nordeste,1171.1
2022-01-18,Açúcar,4,18.1,Centro-Oeste,72.4
2022-01-3,Leite,43,80.26,Sudeste,3451.1800000000003
2022-01-25,Leite,32,16.79,Sul,537.28
2022-01-21,Batata,8,61.19,Norte,489.52
2022-01-3,Frango,19,45.96,Sul,873.24
2022-01-29,Açúcar,9,49.42,Nordeste,444.78000000000003
2022-01-25,Sal,47,57.69,Centro-Oeste,2711.43
2022-01-27,Arroz,32,70.64,Nordeste,2260.48
2022-01-15,Sal,9,30.73,Sul,276.57
2022-01-5,Macarrão,46,53.04,Norte,2439.84
2022-01-3,Feijão,23,29.05,Sudeste,668.15
2022-01-15,Açúcar,31,74.94,Norte,2323.14
2022-01-17,Macarrão,31,52.74,Sudeste,1634.94
2022-01-23,Sal,33,32.41,Nordeste,1069.53
2022-01-28,Açúcar,27,54.01,Centro-Oeste,1458.27
2022-01-22,Leite,4,17.82,Centro-Oeste,71.28
2022-01-19,Batata,41,58.45,Sudeste,2396.4500000000003
2022-01-13,Arroz,37,72.1,Nordeste,2667.7
2022-01-22,Feijão,46,62.66,Nordeste,2882.3599999999997
2022-01-3,Feijão,50,12.73,Sul,636.5
2022-01-26,Macarrão,41,25.3,Sul,1037.3
2022-01-10,Arroz,8,93.66,Sudeste,749.28
2022-01-6,Feijão,35,21.58,Sul,755.3
2022-01-28,Feijão,47,62.36,Nordeste,2930.92
2022-01-20,Carne,36,93.06,Sudeste,3350.16
2022-01-4,Frango,47,56.44,Centro-Oeste,2652.68
2022-01-24,Leite,39,27.57,Norte,1075.23
2022-01-4,Carne,5,32.99,Sul,164.95000000000002
2022-01-6,Carne,23,36.33,Nordeste,835.5899999999999
2022-01-10,Açúcar,14,51.63,Sudeste,722.82
2022-01-12,Batata,12,36.08,Sudeste,432.96
2022-01-28,Óleo,22,66.22,Sudeste,1456.84
2022-01-4,Frango,26,57.83,Sudeste,1503.58
2022-01-6,Batata,30,38.4,Norte,1152.0
2022-01-31,Macarrão,6,37.81,Nordeste,226.86
2022-01-24,Óleo,46,36.76,Sudeste,1690.9599999999998
2022-01-18,Macarrão,43,89.17,Nordeste,3834.31
2022-01-7,Açúcar,28,82.92,Sul,2321.76
2022-01-31,Óleo,48,62.59,Sudeste,3004.32
2022-01-2,Frango,24,33.95,Nordeste,814.8000000000001
2022-01-8,Feijão,26,33.18,Sudeste,862.68
2022-01-3,Açúcar,39,48.15,Centro-Oeste,1877.85
2022-01-9,Carne,22,46.53,Norte,1023.6600000000001
2022-01-7,Batata,30,37.14,Norte,1114.2
2022-01-10,Arroz,45,61.05,Centro-Oeste,2747.25
2022-01-25,Leite,29,21.33,Nordeste,618.5699999999999
2022-01-7,Feijão,30,35.52,Norte,1065.6000000000001
2022-01-24,Batata,31,24.96,Sudeste,773.76
2022-01-6,Batata,22,40.13,Nordeste,882.86
2022-01-3,Batata,4,34.81,Norte,139.24
2022-01-9,Açúcar,37,38.48,Centro-Oeste,1423.76
2022-01-22,Óleo,9,36.12,Centro-Oeste,325.08
2022-01-13,Leite,1,67.39,Nordeste,67.39
2022-01-2,Arroz,20,26.14,Centro-Oeste,522.8
2022-01-9,Arroz,20,88.89,Nordeste,1777.8
2022-01-29,Sal,16,71.08,Sul,1137.28
2022-01-6,Batata,18,77.16,Centro-Oeste,1388.8799999999999
2022-01-11,Frango,31,73.67,Sul,2283.77
2022-01-7,Feijão,43,39.87,Sul,1714.4099999999999
2022-01-13,Leite,2,89.05,Nordeste,178.1
2022-01-28,Carne,47,42.34,Sul,1989.9800000000002
2022-01-14,Carne,24,32.28,Centro-Oeste,774.72
2022-01-19,Óleo,1,25.54,Norte,25.54
2022-01-15,Frango,26,21.72,Sul,564.72
2022-01-16,Leite,8,53.41,Sudeste,427.28
2022-01-18,Carne,35,77.21,Centro-Oeste,2702.35
2022-01-19,Sal,22,48.58,Sudeste,1068.76
2022-01-1,Frango,25,24.97,Centro-Oeste,624.25
2022-01-28,Sal,33,21.03,Nordeste,693.99
2022-01-31,Óleo,12,46.2,Centro-Oeste,554.4000000000001
2022-01-13,Frango,6,34.59,Sudeste,207.54000000000002
2022-01-28,Macarrão,37,77.49,Norte,2867.1299999999997
2022-01-8,Óleo,39,29.33,Nordeste,1143.87
2022-01-22,Macarrão,21,62.13,Sudeste,1304.73
2022-01-2,Arroz,25,94.67,Norte,2366.75
2022-01-25,Carne,37,25.3,Sul,936.1
2022-01-4,Frango,30,69.5,Centro-Oeste,2085.0
2022-01-14,Batata,46,96.21,Centro-Oeste,4425.66
2022-01-13,Leite,37,53.81,Sul,1990.97
2022-01-15,Feijão,7,23.16,Sul,162.12
2022-01-3,Feijão,28,43.17,Sudeste,1208.76
2022-01-12,Açúcar,21,71.05,Norte,1492.05
2022-01-11,Leite,32,98.56,Sul,3153.92
2022-01-18,Arroz,9,20.63,Norte,185.67
2022-01-2,Óleo,30,41.81,Nordeste,1254.3000000000002
2022-01-24,Arroz,35,86.36,Sudeste,3022.6
2022-01-28,Feijão,26,52.89,Norte,1375.14
2022-01-24,Feijão,9,72.73,Centro-Oeste,654.57
2022-01-15,Sal,32,29.58,Centro-Oeste,946.56
2022-01-24,Óleo,36,96.72,Nordeste,3481.92
2022-01-22,Arroz,49,41.74,Sul,2045.26
2022-01-7,Macarrão,38,74.32,Centro-Oeste,2824.16
2022-01-30,Batata,16,38.86,Centro-Oeste,621.76
2022-01-10,Sal,43,93.02,Sudeste,3999.8599999999997
2022-01-1,Sal,46,98.45,Sudeste,4528.7
2022-01-9,Sal,24,55.93,Centro-Oeste,1342.32
2022-01-18,Sal,36,70.82,Sudeste,2549.5199999999995
2022-01-11,Açúcar,29,43.92,Centro-Oeste,1273.68
2022-01-15,Arroz,43,10.19,Sudeste,438.16999999999996
2022-01-3,Arroz,29,59.81,Norte,1734.49
2022-01-2,Arroz,23,35.05,Sudeste,806.15
2022-01-24,Carne,6,99.6,Centro-Oeste,597.5999999999999
2022-01-28,Feijão,7,64.3,Sul,450.09999999999997
2022-01-21,Carne,4,88.31,Sul,353.24
2022-01-8,Óleo,46,85.65,Centro-Oeste,3939.9
2022-01-31,Sal,38,13.37,Sudeste,508.05999999999995
2022-01-29,Frango,45,42.49,Norte,1912.0500000000002
2022-01-19,Arroz,4,40.99,Norte,163.96
2022-01-19,Óleo,42,77.76,Sudeste,3265.92
2022-01-7,Arroz,12,36.93,Norte,443.15999999999997
2022-01-20,Frango,42,33.82,Sudeste,1420.44
2022-01-12,Frango,16,42.98,Nordeste,687.68
2022-01-7,Feijão,28,44.6,Centro-Oeste,1248.8
2022-01-4,Leite,28,53.01,Sudeste,1484.28
2022-01-17,Arroz,46,74.12,Norte,3409.5200000000004
2022-01-21,Sal,32,65.06,Sudeste,2081.92
2022-01-31,Batata,11,18.71,Sudeste,205.81
2022-01-27,Sal,22,77.26,Nordeste,1699.72
2022-01-29,Leite,31,56.57,Nordeste,1753.67
2022-01-23,Açúcar,20,41.77,Sudeste,835.4000000000001
2022-01-14,Frango,34,94.82,Nordeste,3223.8799999999997
2022-01-17,Sal,22,66.26,Nordeste,1457.72
2022-01-26,Carne,42,61.4,Sudeste,2578.7999999999997
2022-01-7,Carne,15,62.83,Sul,942.4499999999999
2022-01-3,Leite,15,82.09,Centro-Oeste,1231.3500000000001
2022-01-30,Sal,3,87.55,Sul,262.65
2022-01-7,Batata,46,20.87,Sudeste,960.0200000000001
2022-01-7,Sal,22,51.29,Nordeste,1128.3799999999999
2022-01-2,Arroz,35,45.47,Nordeste,1591.45
2022-01-11,Óleo,48,65.9,Nordeste,3163.2000000000003
2022-01-23,Óleo,7,67.75,Sudeste,474.25
2022-01-23,Açúcar,31,64.77,Sudeste,2007.87
2022-01-2,Macarrão,3,48.65,Norte,145.95
2022-01-6,Batata,27,26.72,Norte,721.4399999999999
2022-01-17,Batata,24,67.11,Nordeste,1610.6399999999999
2022-01-10,Frango,4,19.01,Sul,76.04
2022-01-20,Frango,38,30.03,Centro-Oeste,1141.14
2022-01-30,Carne,42,28.4,Nordeste,1192.8
2022-01-15,Feijão,9,46.99,Nordeste,422.91
2022-01-20,Arroz,28,47.29,Nordeste,1324.12
2022-01-24,Macarrão,26,92.75,Norte,2411.5
2022-01-24,Açúcar,7,33.37,Nordeste,233.58999999999997
2022-01-10,Feijão,24,46.05,Nordeste,1105.1999999999998
2022-01-7,Sal,38,73.54,Nordeste,2794.5200000000004
2022-01-18,Óleo,24,79.12,Nordeste,1898.88
2022-01-25,Frango,10,96.28,Nordeste,962.8
2022-01-24,Leite,12,63.6,Nordeste,763.2
2022-01-15,Leite,25,72.39,Sudeste,1809.75
2022-01-29,Arroz,34,85.05,Norte,2891.7
2022-01-16,Óleo,17,47.1,Centro-Oeste,800.7
2022-01-19,Carne,30,32.51,Centro-Oeste,975.3
2022-01-26,Açúcar,21,71.49,Sul,1501.29
2022-01-26,Arroz,18,25.17,Sudeste,453.06000000000006
2022-01-1,Sal,6,38.4,Sudeste,230.39999999999998
2022-01-4,Macarrão,21,96.23,Norte,2020.8300000000002
2022-01-4,Arroz,19,94.19,Sudeste,1789.61
2022-01-13,Batata,35,65.77,Norte,2301.95
2022-01-21,Carne,12,65.24,Centro-Oeste,782.8799999999999
2022-01-18,Macarrão,35,90.96,Nordeste,3183.6
2022-01-8,Açúcar,30,86.75,Norte,2602.5
2022-01-16,Sal,28,77.63,Norte,2173.64
2022-01-21,Sal,47,19.08,Nordeste,896.7599999999999
2022-01-4,Óleo,3,81.78,Norte,245.34
2022-01-11,Leite,5,87.98,Sul,439.90000000000003
2022-01-6,Óleo,10,46.66,Norte,466.59999999999997
2022-01-9,Óleo,16,63.81,Centro-Oeste,1020.96
2022-01-3,Feijão,19,87.6,Nordeste,1664.3999999999999
2022-01-1,Óleo,22,18.44,Sudeste,405.68
2022-01-8,Batata,21,55.43,Sudeste,1164.03
2022-01-21,Leite,40,25.94,Centro-Oeste,1037.6000000000001
2022-01-6,Macarrão,10,37.47,Nordeste,374.7
2022-01-22,Óleo,26,27.47,Sul,714.22
2022-01-12,Carne,10,79.88,Sul,798.8
2022-01-2,Sal,42,35.23,Sudeste,1479.6599999999999
2022-01-22,Óleo,28,52.53,Norte,1470.8400000000001
2022-01-16,Açúcar,39,23.12,Sul,901.6800000000001
2022-01-13,Óleo,10,80.45,Norte,804.5
2022-01-19,Leite,31,80.37,Nordeste,2491.4700000000003
2022-01-14,Leite,47,38.92,Nordeste,1829.24
2022-01-5,Óleo,36,49.5,Sul,1782.0
2022-01-19,Macarrão,48,26.45,Norte,1269.6
2022-01-20,Leite,47,78.26,Nordeste,3678.2200000000003
2022-01-18,Frango,38,60.43,Norte,2296.34
2022-01-3,Sal,28,10.8,Nordeste,302.40000000000003
2022-01-29,Feijão,14,16.16,Norte,226.24
2022-01-10,Macarrão,27,58.01,Sudeste,1566.27
2022-01-28,Batata,37,50.91,Sudeste,1883.6699999999998
2022-01-28,Óleo,30,74.05,Norte,2221.5
2022-01-11,Carne,3,14.73,Centro-Oeste,44.19
2022-01-23,Carne,29,65.0,Nordeste,1885.0
2022-01-14,Açúcar,4,95.42,Sul,381.68
2022-01-15,Feijão,36,43.01,Sul,1548.36
2022-01-17,Macarrão,20,11.38,Sul,227.60000000000002
2022-01-31,Arroz,6,15.54,Nordeste,93.24
2022-01-13,Macarrão,8,90.98,Sudeste,727.84
2022-01-21,Macarrão,44,57.26,Centro-Oeste,2519.44
2022-01-17,Feijão,34,44.85,Norte,1524.9
2022-01-17,Frango,35,54.14,Sul,1894.9
2022-01-3,Batata,8,60.84,Centro-Oeste,486.72
2022-01-2,Frango,28,97.15,Centro-Oeste,2720.2000000000003
2022-01-27,Açúcar,48,44.36,Sul,2129.2799999999997
2022-01-4,Açúcar,37,27.09,Nordeste,1002.33
2022-01-17,Macarrão,26,14.88,Nordeste,386.88
2022-01-4,Sal,28,67.48,Centro-Oeste,1889.44
2022-01-5,Batata,12,14.68,Nordeste,176.16
2022-01-26,Carne,13,75.62,Centro-Oeste,983.0600000000001
2022-01-2,Feijão,29,36.03,Centro-Oeste,1044.8700000000001
2022-01-11,Óleo,15,32.06,Centro-Oeste,480.90000000000003
2022-01-21,Leite,11,79.67,Sudeste,876.37
2022-01-29,Frango,44,62.59,Norte,2753.96
2022-01-30,Feijão,5,48.01,Sudeste,240.04999999999998
2022-01-4,Macarrão,19,30.76,Sul,584.44
2022-01-4,Açúcar,47,91.42,Nordeste,4296.74
2022-01-24,Arroz,28,56.55,Sul,1583.3999999999999
2022-01-11,Frango,3,22.67,Sul,68.01
2022-01-4,Feijão,5,38.79,Sudeste,193.95
2022-01-18,Leite,16,11.47,Sul,183.52
2022-01-29,Leite,42,87.12,Sul,3659.04
2022-01-9,Açúcar,18,67.55,Sul,1215.8999999999999
2022-01-4,Arroz,29,73.9,Norte,2143.1000000000004
2022-01-13,Batata,26,46.99,Nordeste,1221.74
2022-01-12,Carne,31,99.58,Norte,3086.98
2022-01-30,Sal,46,37.24,Sul,1713.0400000000002
2022-01-13,Carne,18,64.84,Centro-Oeste,1167.1200000000001
2022-01-24,Frango,31,72.58,Nordeste,2249.98
2022-01-6,Carne,45,96.67,Norte,4350.15
2022-01-14,Feijão,25,29.45,Centro-Oeste,736.25
2022-01-28,Carne,28,30.29,Nordeste,848.12
2022-01-12,Macarrão,40,51.58,Sul,2063.2
2022-01-14,Carne,16,75.0,Sudeste,1200.0
2022-01-19,Feijão,6,30.56,Centro-Oeste,183.35999999999999
2022-01-10,Macarrão,1,17.72,Nordeste,17.72
2022-01-13,Óleo,6,86.42,Sul,518.52
2022-01-3,Carne,22,90.38,Centro-Oeste,1988.36
2022-01-3,Feijão,6,36.06,Centro-Oeste,216.36
2022-01-22,Leite,17,57.4,Sul,975.8
2022-01-25,Sal,5,26.11,Centro-Oeste,130.55
2022-01-23,Sal,44,86.02,Sudeste,3784.8799999999997
2022-01-6,Carne,26,85.66,Norte,2227.16
2022-01-21,Macarrão,27,42.36,Nordeste,1143.72
2022-01-14,Batata,28,95.38,Nordeste,2670.64
2022-01-25,Arroz,25,60.97,Sudeste,1524.25
2022-01-17,Açúcar,13,26.93,Norte,350.09
2022-01-16,Arroz,9,61.88,Nordeste,556.9200000000001
2022-01-14,Sal,32,72.87,Norte,2331.84
2022-01-13,Carne,47,45.42,Centro-Oeste,2134.7400000000002
2022-01-1,Batata,22,46.09,Norte,1013.98
2022-01-17,Óleo,7,49.47,Sul,346.28999999999996
2022-01-31,Feijão,4,91.67,Sudeste,366.68
2022-01-21,Sal,44,43.87,Sul,1930.28
2022-01-13,Feijão,27,69.5,Sul,1876.5
2022-01-26,Açúcar,42,16.24,Sul,682.0799999999999
2022-01-13,Frango,12,22.45,Norte,269.4
2022-01-1,Carne,24,71.86,Norte,1724.6399999999999
2022-01-3,Macarrão,33,20.86,Nordeste,688.38
2022-01-13,Feijão,11,65.89,Norte,724.79
2022-01-24,Batata,39,76.54,Norte,2985.0600000000004
2022-01-28,Frango,42,25.96,Sudeste,1090.32
2022-01-11,Açúcar,24,60.08,Sul,1441.92
2022-01-31,Sal,9,88.7,Nordeste,798.3000000000001
2022-01-5,Sal,14,26.34,Centro-Oeste,368.76
2022-01-24,Frango,23,33.16,Sul,762.68
2022-01-15,Feijão,23,76.88,Sudeste,1768.2399999999998
2022-01-21,Sal,8,53.63,Sudeste,429.04
2022-01-5,Arroz,10,99.87,Norte,998.7
2022-01-22,Leite,21,83.02,Sudeste,1743.4199999999998
2022-01-1,Açúcar,48,71.8,Sul,3446.3999999999996
2022-01-12,Óleo,34,83.61,Centro-Oeste,2842.74
2022-01-16,Óleo,31,41.38,Norte,1282.78
2022-01-28,Carne,47,86.55,Sul,4067.85
2022-01-28,Óleo,5,58.43,Centro-Oeste,292.15
2022-01-6,Arroz,12,93.52,Sudeste,1122.24
2022-01-29,Batata,14,12.72,Sudeste,178.08
2022-01-21,Sal,27,21.26,Centro-Oeste,574.0200000000001
2022-01-4,Frango,50,25.9,Sudeste,1295.0
2022-01-6,Leite,3,24.07,Nordeste,72.21000000000001
2022-01-23,Macarrão,12,42.38,Norte,508.56000000000006
2022-01-15,Óleo,14,64.53,Centro-Oeste,903.4200000000001
2022-01-20,Frango,41,24.98,Sul,1024.18
2022-01-8,Batata,2,89.26,Sul,178.52
2022-01-10,Óleo,30,22.72,Norte,681.5999999999999
2022-01-9,Frango,46,84.11,Sul,3869.06
2022-01-14,Macarrão,9,95.91,Sudeste,863.1899999999999
2022-01-10,Batata,37,66.22,Sudeste,2450.14
2022-01-3,Frango,50,11.04,Norte,552.0
2022-01-23,Batata,17,22.01,Centro-Oeste,374.17
2022-01-19,Leite,43,93.66,Nordeste,4027.3799999999997
2022-01-23,Leite,17,48.6,Centro-Oeste,826.2
2022-01-31,Leite,41,22.82,Nordeste,935.62
2022-01-3,Macarrão,26,65.91,Sudeste,1713.6599999999999
2022-01-1,Macarrão,33,81.57,Sul,2691.81
2022-01-21,Carne,39,85.07,Sul,3317.7299999999996
2022-01-5,Arroz,37,98.93,Nordeste,3660.4100000000003
2022-01-10,Macarrão,28,38.5,Centro-Oeste,1078.0
2022-01-4,Feijão,45,96.34,Centro-Oeste,4335.3
2022-01-12,Feijão,15,43.27,Sudeste,649.0500000000001
